file_name,text
001.jpg,"shop window display, luxury display, soft glow, layered composition"
002.jpg,"shop window display, surreal installation, theatrical lighting, layered composition"
003.jpg,"shop window display, dreamlike scene, nighttime atmosphere, central object"
004.jpg,"shop window display, dreamlike scene, theatrical lighting, layered composition"
005.jpg,"shop window display, luxury display, soft glow, central object"
006.jpg,"shop window display, sculptural arrangement, soft glow, central object"
007.jpg,"shop window display, sculptural arrangement, theatrical lighting, framed display"
008.jpg,"shop window display, sculptural arrangement, soft glow, framed display"
009.jpg,"shop window display, dreamlike scene, nighttime atmosphere, central object"
010.jpg,"shop window display, surreal installation, theatrical lighting, layered composition"
011.jpg,"shop window display, luxury display, soft glow, central object"
012.jpg,"shop window display, surreal installation, soft glow, framed display"
013.jpg,"shop window display, dreamlike scene, soft glow, layered composition"
014.jpg,"shop window display, dreamlike scene, soft glow, layered composition"
015.jpg,"shop window display, dreamlike scene, soft glow, central object"
016.jpg,"shop window display, dreamlike scene, soft glow, framed display"
017.jpg,"shop window display, dreamlike scene, soft glow, framed display"
018.jpg,"shop window display, sculptural arrangement, theatrical lighting, framed display"
019.jpg,"shop window display, dreamlike scene, theatrical lighting, framed display"
020.jpg,"shop window display, luxury display, theatrical lighting, framed display"
021.jpg,"shop window display, dreamlike scene, soft glow, central object"
022.jpg,"shop window display, dreamlike scene, theatrical lighting, symmetrical layout"
023.jpg,"shop window display, luxury display, theatrical lighting, symmetrical layout"
024.jpg,"shop window display, sculptural arrangement, spotlight, framed display"
025.jpg,"shop window display, surreal installation, nighttime atmosphere, central object"
026.jpg,"shop window display, dreamlike scene, theatrical lighting, layered composition"
027.jpg,"shop window display, dreamlike scene, theatrical lighting, framed display"
028.jpg,"shop window display, dreamlike scene, theatrical lighting, central object"
029.jpg,"shop window display, luxury display, soft glow, central object"
030.jpg,"shop window display, surreal installation, theatrical lighting, central object"
031.jpg,"shop window display, surreal installation, theatrical lighting, layered composition"
032.jpg,"shop window display, surreal installation, theatrical lighting, layered composition"
033.jpg,"shop window display, luxury display, theatrical lighting, layered composition"
034.jpg,"shop window display, surreal installation, theatrical lighting, layered composition"
035.jpg,"shop window display, surreal installation, theatrical lighting, layered composition"
036.jpg,"shop window display, surreal installation, theatrical lighting, layered composition"
037.jpg,"shop window display, surreal installation, nighttime atmosphere, framed display"
038.jpg,"shop window display, luxury display, soft glow, framed display"
039.jpg,"shop window display, luxury display, nighttime atmosphere, framed display"
040.jpg,"shop window display, luxury display, theatrical lighting, framed display"
041.jpg,"shop window display, dreamlike scene, soft glow, layered composition"
042.jpg,"shop window display, dreamlike scene, soft glow, layered composition"
043.jpg,"shop window display, surreal installation, nighttime atmosphere, layered composition"
044.jpg,"shop window display, luxury display, spotlight, layered composition"
045.jpg,"shop window display, surreal installation, theatrical lighting, framed display"
046.jpg,"shop window display, luxury display, nighttime atmosphere, framed display"
047.jpg,"shop window display, luxury display, nighttime atmosphere, framed display"
048.jpg,"shop window display, luxury display, nighttime atmosphere, layered composition"
049.jpg,"shop window display, luxury display, theatrical lighting, central object"
050.jpg,"shop window display, surreal installation, nighttime atmosphere, framed display"
051.jpg,"shop window display, luxury display, theatrical lighting, framed display"
052.jpg,"shop window display, luxury display, theatrical lighting, framed display"
053.jpg,"shop window display, luxury display, theatrical lighting, framed display"
054.jpg,"shop window display, luxury display, theatrical lighting, central object"
055.jpg,"shop window display, dreamlike scene, soft glow, framed display"
056.jpg,"shop window display, luxury display, theatrical lighting, framed display"
057.jpg,"shop window display, luxury display, theatrical lighting, framed display"
058.jpg,"shop window display, luxury display, theatrical lighting, layered composition"
059.jpg,"shop window display, luxury display, theatrical lighting, layered composition"
060.jpg,"shop window display, luxury display, theatrical lighting, layered composition"
061.jpg,"shop window display, luxury display, theatrical lighting, central object"
062.jpg,"shop window display, luxury display, nighttime atmosphere, central object"
063.jpg,"shop window display, luxury display, soft glow, layered composition"
064.jpg,"shop window display, luxury display, theatrical lighting, symmetrical layout"
065.jpg,"shop window display, surreal installation, theatrical lighting, layered composition"
066.jpg,"shop window display, luxury display, nighttime atmosphere, central object"
067.jpg,"shop window display, surreal installation, nighttime atmosphere, central object"
068.jpg,"shop window display, surreal installation, nighttime atmosphere, framed display"
069.jpg,"shop window display, luxury display, soft glow, framed display"
070.jpg,"shop window display, luxury display, spotlight, framed display"
071.jpg,"shop window display, luxury display, soft glow, central object"
072.jpg,"shop window display, luxury display, theatrical lighting, layered composition"
073.jpg,"shop window display, luxury display, spotlight, central object"
074.jpg,"shop window display, luxury display, spotlight, central object"
075.jpg,"shop window display, luxury display, nighttime atmosphere, framed display"
076.jpg,"shop window display, luxury display, nighttime atmosphere, framed display"
077.jpg,"shop window display, luxury display, theatrical lighting, layered composition"
078.jpg,"shop window display, surreal installation, theatrical lighting, framed display"
079.jpg,"shop window display, luxury display, soft glow, central object"
080.jpg,"shop window display, luxury display, spotlight, framed display"
081.jpg,"shop window display, luxury display, spotlight, central object"
082.jpg,"shop window display, luxury display, nighttime atmosphere, framed display"
083.jpg,"shop window display, luxury display, soft glow, layered composition"
084.jpg,"shop window display, luxury display, theatrical lighting, symmetrical layout"
085.jpg,"shop window display, luxury display, spotlight, framed display"
086.jpg,"shop window display, sculptural arrangement, soft glow, framed display"
087.jpg,"shop window display, sculptural arrangement, spotlight, framed display"
088.jpg,"shop window display, luxury display, nighttime atmosphere, framed display"
089.jpg,"shop window display, luxury display, nighttime atmosphere, framed display"
090.jpg,"shop window display, surreal installation, spotlight, framed display"
091.jpg,"shop window display, luxury display, nighttime atmosphere, framed display"
092.jpg,"shop window display, surreal installation, nighttime atmosphere, framed display"
093.jpg,"shop window display, surreal installation, nighttime atmosphere, framed display"
094.jpg,"shop window display, luxury display, theatrical lighting, framed display"
095.jpg,"shop window display, luxury display, theatrical lighting, framed display"
096.jpg,"shop window display, luxury display, theatrical lighting, framed display"
097.jpg,"shop window display, luxury display, theatrical lighting, framed display"
098.jpg,"shop window display, luxury display, theatrical lighting, layered composition"
099.jpg,"shop window display, luxury display, theatrical lighting, framed display"
100.jpg,"shop window display, luxury display, theatrical lighting, layered composition"
101.jpg,"shop window display, luxury display, nighttime atmosphere, framed display"
102.jpg,"shop window display, luxury display, nighttime atmosphere, symmetrical layout"
103.jpg,"shop window display, luxury display, nighttime atmosphere, framed display"
104.jpg,"shop window display, luxury display, theatrical lighting, layered composition"
105.jpg,"shop window display, luxury display, theatrical lighting, layered composition"
106.jpg,"shop window display, luxury display, spotlight, layered composition"
107.jpg,"shop window display, luxury display, theatrical lighting, layered composition"
108.jpg,"shop window display, surreal installation, soft glow, framed display"
109.jpg,"shop window display, luxury display, theatrical lighting, framed display"
110.jpg,"shop window display, luxury display, spotlight, layered composition"
111.jpg,"shop window display, luxury display, spotlight, central object"
112.jpg,"shop window display, luxury display, nighttime atmosphere, central object"
113.jpg,"shop window display, dreamlike scene, spotlight, framed display"
114.jpg,"shop window display, dreamlike scene, nighttime atmosphere, framed display"
115.jpg,"shop window display, dreamlike scene, soft glow, symmetrical layout"
116.jpg,"shop window display, dreamlike scene, nighttime atmosphere, central object"
117.jpg,"shop window display, dreamlike scene, nighttime atmosphere, framed display"
118.jpg,"shop window display, luxury display, theatrical lighting, central object"
119.jpg,"shop window display, dreamlike scene, theatrical lighting, framed display"
120.jpg,"shop window display, dreamlike scene, theatrical lighting, framed display"
121.jpg,"shop window display, luxury display, theatrical lighting, framed display"
122.jpg,"shop window display, luxury display, spotlight, central object"
123.jpg,"shop window display, surreal installation, nighttime atmosphere, framed display"
124.jpg,"shop window display, surreal installation, soft glow, framed display"
125.jpg,"shop window display, surreal installation, theatrical lighting, framed display"
126.jpg,"shop window display, dreamlike scene, soft glow, framed display"
127.jpg,"shop window display, luxury display, theatrical lighting, framed display"
128.jpg,"shop window display, luxury display, soft glow, framed display"
129.jpg,"shop window display, luxury display, soft glow, central object"
130.jpg,"shop window display, surreal installation, soft glow, framed display"
131.jpg,"shop window display, surreal installation, theatrical lighting, framed display"
132.jpg,"shop window display, luxury display, spotlight, central object"
133.jpg,"shop window display, sculptural arrangement, soft glow, framed display"
134.jpg,"shop window display, surreal installation, soft glow, framed display"
135.jpg,"shop window display, luxury display, nighttime atmosphere, framed display"
136.jpg,"shop window display, luxury display, theatrical lighting, layered composition"
137.jpg,"shop window display, luxury display, soft glow, framed display"
138.jpg,"shop window display, luxury display, theatrical lighting, framed display"
139.jpg,"shop window display, luxury display, theatrical lighting, framed display"
140.jpg,"shop window display, luxury display, theatrical lighting, framed display"
141.jpg,"shop window display, luxury display, soft glow, framed display"
142.jpg,"shop window display, luxury display, soft glow, central object"
143.jpg,"shop window display, surreal installation, theatrical lighting, layered composition"
144.jpg,"shop window display, luxury display, soft glow, framed display"
145.jpg,"shop window display, surreal installation, soft glow, framed display"
146.jpg,"shop window display, luxury display, soft glow, framed display"
147.jpg,"shop window display, luxury display, soft glow, central object"
148.jpg,"shop window display, dreamlike scene, theatrical lighting, framed display"
